candidate_id,rank,score,reasoning,must_have_raw,preferred_raw,rejection_raw,negative_raw,final_score_raw
CAND_0052328,1,0.6758,"Top-tier candidate at Rank 1: A seasoned Recommendation Systems Engineer with 6.5 YOE, showing strong specialization in search architectures. Demonstrates production hands-on experience in Pinecone, OpenSearch, Vector Search, sentence-transformers, which matches critical JD requirements. Candidate is has a short notice period of 30 days, based in Pune.",0.8254,0.7391,0.1966,0.0472,0.6758
CAND_0027691,2,0.6677,"Exceptional alignment at Rank 2: Ayaan Goyal is a NLP Engineer with 6.5 YOE, offering premium expertise in retrieval and ranking systems. Proven competence with key technologies including Weaviate, FAISS, Elasticsearch, sentence-transformers in past positions. Candidate is available immediately (15-day notice), based in Pune.",0.8749,0.7381,0.2148,0.1789,0.6677
CAND_0007009,3,0.6575,"Top-tier candidate at Rank 3: A seasoned Recommendation Systems Engineer with 7.9 YOE, showing strong specialization in search architectures. Proven competence with key technologies including Pinecone, Weaviate, FAISS, Elasticsearch in past positions. Candidate is has a short notice period of 30 days, based in Noida.",0.8526,0.6920,0.2258,0.0855,0.6575
CAND_0003977,4,0.6558,"Exceptional alignment at Rank 4: Anjali Patel is a Recommendation Systems Engineer with 4.6 YOE, offering premium expertise in retrieval and ranking systems. Proven competence with key technologies including FAISS, Elasticsearch, sentence-transformers, BGE in past positions. Candidate is available on a 45-day notice, based in Delhi. However, experience is slightly under the preferred 5-year threshold.",0.8618,0.6493,0.2182,0.1012,0.6558
CAND_0054123,5,0.6540,"Excellent fit at Rank 5: Tanvi Banerjee (Applied ML Engineer, 4.7 YOE) represents a high-caliber match for applied ML and ranking roles. Equipped with relevant skills like Weaviate, Qdrant, FAISS, Elasticsearch, supporting the search and retrieval requirements. Candidate is available on a 60-day notice, based in Gurgaon. However, experience is slightly under the preferred 5-year threshold.",0.8367,0.6491,0.1918,0.1123,0.6540
CAND_0012957,6,0.6521,"Top-tier candidate at Rank 6: A seasoned Search Engineer with 4.9 YOE, showing strong specialization in search architectures. Proven competence with key technologies including Qdrant, Embeddings, A/B Testing, PEFT in past positions. Candidate is note: holds a longer notice period of 120 days, located in Chennai and open to relocate. However, experience is slightly under the preferred 5-year threshold.",0.8517,0.6019,0.2070,0.0742,0.6521
CAND_0046525,7,0.6504,"Exceptional alignment at Rank 7: Tanvi Mukherjee is a Senior Machine Learning Engineer with 6.1 YOE, offering premium expertise in retrieval and ranking systems. Technical profile highlights practical experience in Qdrant, FAISS, Elasticsearch, sentence-transformers for vector search and data processing. Candidate is available on a 60-day notice, located in Pune and open to relocate.",0.8548,0.5646,0.2158,0.0270,0.6504
CAND_0066999,8,0.6493,"Exceptional alignment at Rank 8: Riya Dalal is a Recommendation Systems Engineer with 5.9 YOE, offering premium expertise in retrieval and ranking systems. Demonstrates production hands-on experience in Pinecone, FAISS, OpenSearch, Embeddings, which matches critical JD requirements. Candidate is has a short notice period of 15 days, located in Delhi and open to relocate.",0.8217,0.6814,0.2050,0.0833,0.6493
CAND_0064326,9,0.6436,"Exceptional alignment at Rank 9: Nisha Pillai is a Search Engineer with 7.6 YOE, offering premium expertise in retrieval and ranking systems. Proven competence with key technologies including Pinecone, Weaviate, Milvus, OpenAI Embeddings in past positions. Candidate is available on a 45-day notice, based in Gurgaon.",0.8209,0.6493,0.2259,0.0135,0.6436
CAND_0018499,10,0.6425,"Top-tier candidate at Rank 10: A seasoned Senior Machine Learning Engineer with 7.2 YOE, showing strong specialization in search architectures. Demonstrates production hands-on experience in Pinecone, Weaviate, Milvus, FAISS, which matches critical JD requirements. Candidate is available immediately (15-day notice), located in Noida and open to relocate.",0.8025,0.7931,0.2336,0.0878,0.6425
CAND_0086022,11,0.6416,"Rank 11: Strong candidate with 5.3 YOE as a Senior Applied Scientist, showing solid software engineering and applied ML capabilities. Equipped with relevant skills like Pinecone, FAISS, Elasticsearch, Vector Search, supporting the search and retrieval requirements. Candidate is has a short notice period of 0 days, located in Kolkata and open to relocate.",0.8406,0.6668,0.2264,0.1012,0.6416
CAND_0095619,12,0.6394,"Rank 12: High-potential NLP Engineer with 15.6 YOE, displaying good general alignment with the engineering stack. Proven competence with key technologies including Pinecone, Weaviate, Elasticsearch, sentence-transformers in past positions. Candidate is available immediately (30-day notice), based in Mumbai.",0.7780,0.7228,0.2102,0.0225,0.6394
CAND_0005260,13,0.6384,"Rank 13: High-potential Senior NLP Engineer with 5.2 YOE, displaying good general alignment with the engineering stack. Demonstrates production hands-on experience in FAISS, BGE, Embeddings, NDCG, which matches critical JD requirements. Candidate is available on a 60-day notice, located in Chennai and open to relocate.",0.8405,0.5451,0.2127,0.0315,0.6384
CAND_0064904,14,0.6354,"Rank 14: Karan Trivedi (AI Engineer) brings 4.9 years of experience in technical data systems and ML applications. Demonstrates production hands-on experience in Weaviate, Elasticsearch, OpenSearch, Vector Search, which matches critical JD requirements. Candidate is note: holds a longer notice period of 90 days, based in Hyderabad. However, experience is slightly under the preferred 5-year threshold.",0.8328,0.5054,0.1887,0.0495,0.6354
CAND_0068811,15,0.6303,"Rank 15: Krishna Mittal (Applied ML Engineer) brings 8.0 years of experience in technical data systems and ML applications. Technical profile highlights practical experience in Pinecone, Weaviate, Qdrant, OpenSearch for vector search and data processing. Candidate is has a short notice period of 30 days, located in Pune and open to relocate.",0.8313,0.6596,0.2225,0.1346,0.6303
CAND_0037000,16,0.6284,"Rank 16: Nikhil Mittal (Search Engineer) brings 2.7 years of experience in technical data systems and ML applications. Equipped with relevant skills like Pinecone, FAISS, sentence-transformers, OpenAI Embeddings, supporting the search and retrieval requirements. Candidate is available immediately (15-day notice), based in Noida. However, experience is slightly under the preferred 5-year threshold.",0.8004,0.6828,0.2173,0.0878,0.6284
CAND_0030348,17,0.6280,"Rank 17: Strong candidate with 4.5 YOE as a Machine Learning Engineer, showing solid software engineering and applied ML capabilities. Equipped with relevant skills like FAISS, Elasticsearch, Vector Search, sentence-transformers, supporting the search and retrieval requirements. Candidate is available on a 45-day notice, based in Noida. However, experience is slightly under the preferred 5-year threshold.",0.8614,0.5328,0.2244,0.1035,0.6280
CAND_0017960,18,0.6221,"Rank 18: Strong candidate with 7.7 YOE as a Recommendation Systems Engineer, showing solid software engineering and applied ML capabilities. Proven competence with key technologies including Pinecone, Qdrant, OpenAI Embeddings, Embeddings in past positions. Candidate is available on a 60-day notice, willing to relocate from Bangalore.",0.8070,0.6278,0.2240,0.0630,0.6221
CAND_0091909,19,0.6196,"Rank 19: Strong candidate with 6.9 YOE as a Machine Learning Engineer, showing solid software engineering and applied ML capabilities. Equipped with relevant skills like Pinecone, Qdrant, OpenSearch, sentence-transformers, supporting the search and retrieval requirements. Candidate is available on a 45-day notice, located in Bangalore and open to relocate.",0.7907,0.6340,0.2076,0.0797,0.6196
CAND_0020877,20,0.6182,"Rank 20: Anil Rao (Applied ML Engineer) brings 5.1 years of experience in technical data systems and ML applications. Demonstrates production hands-on experience in Pinecone, Weaviate, Qdrant, Milvus, which matches critical JD requirements. Candidate is available on a 60-day notice, located in Gurgaon and open to relocate.",0.8005,0.6054,0.2114,0.0765,0.6182
CAND_0027801,21,0.6166,"Rank 21: Strong candidate with 7.4 YOE as a NLP Engineer, showing solid software engineering and applied ML capabilities. Demonstrates production hands-on experience in Milvus, FAISS, Elasticsearch, OpenSearch, which matches critical JD requirements. Candidate is note: holds a longer notice period of 120 days, based in Hyderabad.",0.8116,0.5999,0.2235,0.0788,0.6166
CAND_0091534,22,0.6152,"Rank 22: Dhruv Dutta (AI Engineer) brings 16.6 years of experience in technical data systems and ML applications. Demonstrates production hands-on experience in Pinecone, Qdrant, FAISS, Elasticsearch, which matches critical JD requirements. Candidate is available immediately (30-day notice), willing to relocate from Gurgaon.",0.7563,0.7167,0.2224,0.0360,0.6152
CAND_0041669,23,0.6141,"Rank 23: Aisha Banerjee (Recommendation Systems Engineer) brings 8.0 years of experience in technical data systems and ML applications. Proven competence with key technologies including Pinecone, Weaviate, Qdrant, Milvus in past positions. Candidate is available on a 60-day notice, based in Noida.",0.7774,0.6524,0.2078,0.0844,0.6141
CAND_0005649,24,0.6130,"Rank 24: Strong candidate with 7.4 YOE as a Senior Data Scientist, showing solid software engineering and applied ML capabilities. Proven competence with key technologies including Pinecone, Weaviate, FAISS, Elasticsearch in past positions. Candidate is note: holds a longer notice period of 90 days, willing to relocate from Delhi.",0.8012,0.6194,0.2196,0.0968,0.6130
CAND_0094759,25,0.6122,"Rank 25: High-potential Lead AI Engineer with 8.6 YOE, displaying good general alignment with the engineering stack. Demonstrates production hands-on experience in Weaviate, Qdrant, FAISS, Vector Search, which matches critical JD requirements. Candidate is has a short notice period of 30 days, located in Mumbai and open to relocate.",0.7991,0.7776,0.2104,0.2838,0.6122
CAND_0010257,26,0.6121,"Rank 26: Ira Shetty (Senior Data Scientist) brings 6.5 years of experience in technical data systems and ML applications. Equipped with relevant skills like Qdrant, Milvus, OpenSearch, Embeddings, supporting the search and retrieval requirements. Candidate is note: holds a longer notice period of 120 days, willing to relocate from Noida.",0.8264,0.4879,0.2120,0.0630,0.6121
CAND_0037566,27,0.6114,"Rank 27: Strong candidate with 6.9 YOE as a Machine Learning Engineer, showing solid software engineering and applied ML capabilities. Technical profile highlights practical experience in Pinecone, Elasticsearch, OpenAI Embeddings, Embeddings for vector search and data processing. Candidate is has a short notice period of 15 days, willing to relocate from Bangalore.",0.7535,0.6920,0.1913,0.1125,0.6114
CAND_0016163,28,0.6096,"Rank 28: Suresh Shah (Applied ML Engineer) brings 6.7 years of experience in technical data systems and ML applications. Technical profile highlights practical experience in Pinecone, Weaviate, FAISS, Elasticsearch for vector search and data processing. Candidate is note: holds a longer notice period of 120 days, based in Gurgaon.",0.8073,0.5706,0.2259,0.0630,0.6096
CAND_0094056,29,0.6095,"Rank 29: Diya Pillai (NLP Engineer) brings 5.9 years of experience in technical data systems and ML applications. Equipped with relevant skills like Pinecone, Milvus, FAISS, Elasticsearch, supporting the search and retrieval requirements. Candidate is note: holds a longer notice period of 120 days, located in Chennai and open to relocate.",0.7729,0.6040,0.2075,0.0405,0.6095
CAND_0054394,30,0.6085,"Rank 30: High-potential Recommendation Systems Engineer with 4.1 YOE, displaying good general alignment with the engineering stack. Technical profile highlights practical experience in Pinecone, FAISS, Elasticsearch, sentence-transformers for vector search and data processing. Candidate is available immediately (30-day notice), based in Pune. However, experience is slightly under the preferred 5-year threshold.",0.7880,0.6916,0.2253,0.1378,0.6085
CAND_0061265,31,0.6071,"Rank 31: Tanya Chopra (Recommendation Systems Engineer) brings 6.6 years of experience in technical data systems and ML applications. Demonstrates production hands-on experience in Qdrant, Milvus, FAISS, Elasticsearch, which matches critical JD requirements. Candidate is note: holds a longer notice period of 120 days, based in Delhi.",0.7701,0.6163,0.2201,0.0208,0.6071
CAND_0079284,32,0.6067,"Rank 32: Strong candidate with 4.9 YOE as a Machine Learning Engineer, showing solid software engineering and applied ML capabilities. Equipped with relevant skills like Qdrant, Elasticsearch, Embeddings, A/B Testing, supporting the search and retrieval requirements. Candidate is available immediately (30-day notice), based in Hyderabad. However, experience is slightly under the preferred 5-year threshold.",0.7662,0.6716,0.2155,0.0857,0.6067
CAND_0036437,33,0.6058,"Rank 33: High-potential Search Engineer with 4.8 YOE, displaying good general alignment with the engineering stack. Technical profile highlights practical experience in Weaviate, Milvus, FAISS, Elasticsearch for vector search and data processing. Candidate is available immediately (30-day notice), located in Kolkata and open to relocate. However, experience is slightly under the preferred 5-year threshold.",0.7932,0.5759,0.2303,0.0293,0.6058
CAND_0096142,34,0.6057,"Rank 34: Strong candidate with 5.0 YOE as a Applied ML Engineer, showing solid software engineering and applied ML capabilities. Equipped with relevant skills like Pinecone, Weaviate, Embeddings, A/B Testing, supporting the search and retrieval requirements. Candidate is note: holds a longer notice period of 120 days, based in Hyderabad.",0.7998,0.5035,0.2085,0.0360,0.6057
CAND_0087630,35,0.6056,"Rank 35: High-potential AI Engineer with 7.2 YOE, displaying good general alignment with the engineering stack. Technical profile highlights practical experience in Elasticsearch, OpenSearch, sentence-transformers, Embeddings for vector search and data processing. Candidate is has a short notice period of 30 days, willing to relocate from Gurgaon.",0.7848,0.6729,0.2181,0.1449,0.6056
CAND_0050454,36,0.6018,"Rank 36: High-potential AI Engineer with 6.8 YOE, displaying good general alignment with the engineering stack. Equipped with relevant skills like Qdrant, FAISS, Elasticsearch, sentence-transformers, supporting the search and retrieval requirements. Candidate is available immediately (30-day notice), located in Delhi and open to relocate.",0.7640,0.7211,0.2351,0.0990,0.6018
CAND_0052682,37,0.6013,"Rank 37: Ira Mukherjee (NLP Engineer) brings 6.6 years of experience in technical data systems and ML applications. Equipped with relevant skills like Pinecone, FAISS, OpenAI Embeddings, Embeddings, supporting the search and retrieval requirements. Candidate is has a short notice period of 30 days, based in Vizag.",0.6943,0.7390,0.1880,0.0270,0.6013
CAND_0031593,38,0.6005,"Rank 38: Strong candidate with 7.8 YOE as a Search Engineer, showing solid software engineering and applied ML capabilities. Proven competence with key technologies including Pinecone, Elasticsearch, OpenAI Embeddings, Embeddings in past positions. Candidate is note: holds a longer notice period of 90 days, located in Kolkata and open to relocate.",0.8244,0.4807,0.2176,0.0945,0.6005
CAND_0079064,39,0.5971,"Rank 39: High-potential Senior Data Scientist with 5.2 YOE, displaying good general alignment with the engineering stack. Proven competence with key technologies including Pinecone, FAISS, Elasticsearch, OpenSearch in past positions. Candidate is note: holds a longer notice period of 120 days, based in Noida.",0.7917,0.5048,0.2138,0.0416,0.5971
CAND_0002025,40,0.5953,"Rank 40: High-potential Senior AI Engineer with 5.9 YOE, displaying good general alignment with the engineering stack. Demonstrates production hands-on experience in Pinecone, Weaviate, FAISS, OpenSearch, which matches critical JD requirements. Candidate is has a short notice period of 30 days, based in Trivandrum.",0.7082,0.7457,0.2123,0.0450,0.5953
CAND_0042506,41,0.5945,"Rank 41: Capable professional with 4.2 YOE as a Search Engineer, displaying adjacent software development capabilities. Equipped with relevant skills like Pinecone, Qdrant, Milvus, FAISS, supporting the search and retrieval requirements. Candidate is has a short notice period of 15 days, based in Mumbai.",0.7773,0.7172,0.2089,0.2537,0.5945
CAND_0000031,42,0.5941,"Rank 42: Capable professional with 6.0 YOE as a Recommendation Systems Engineer, displaying adjacent software development capabilities. Proven competence with key technologies including Pinecone, FAISS, sentence-transformers, Embeddings in past positions. Candidate is available on a 60-day notice, located in Hyderabad and open to relocate. However, potential tenure concern due to frequent job changes.",0.7735,0.5647,0.2284,0.0202,0.5941
CAND_0081846,43,0.5929,"Rank 43: Capable professional with 6.7 YOE as a Lead AI Engineer, displaying adjacent software development capabilities. Demonstrates production hands-on experience in Qdrant, FAISS, Elasticsearch, Vector Search, which matches critical JD requirements. Candidate is available immediately (30-day notice), willing to relocate from Jaipur.",0.7294,0.7369,0.2225,0.0894,0.5929
CAND_0015578,44,0.5898,"Rank 44: Ved Singh (AI Engineer, 5.4 YOE) presents general software engineering experience with some data/analytics exposure. Equipped with relevant skills like Pinecone, FAISS, sentence-transformers, OpenAI Embeddings, supporting the search and retrieval requirements. Candidate is note: holds a longer notice period of 90 days, willing to relocate from Delhi.",0.7855,0.4732,0.1955,0.0788,0.5898
CAND_0074486,45,0.5857,"Rank 45: Dev Mehta (Computer Vision Engineer, 5.5 YOE) presents general software engineering experience with some data/analytics exposure. Proven competence with key technologies including OpenSearch, XGBoost, SQL in past positions. Candidate is has a short notice period of 30 days, located in Noida and open to relocate.",0.7530,0.6431,0.2389,0.0540,0.5857
CAND_0075574,46,0.5832,"Rank 46: Capable professional with 5.7 YOE as a Machine Learning Engineer, displaying adjacent software development capabilities. Demonstrates production hands-on experience in Pinecone, Weaviate, Qdrant, Elasticsearch, which matches critical JD requirements. Candidate is available on a 60-day notice, willing to relocate from Bangalore.",0.7711,0.5865,0.2292,0.0945,0.5832
CAND_0064270,47,0.5822,"Rank 47: Technical profile (Applied ML Engineer, 4.2 YOE) with general engineering skills, acting as a moderate fit. Equipped with relevant skills like Elasticsearch, OpenSearch, sentence-transformers, Embeddings, supporting the search and retrieval requirements. Candidate is available on a 45-day notice, located in Pune and open to relocate.",0.7711,0.5161,0.2225,0.0405,0.5822
CAND_0089552,48,0.5782,"Rank 48: Suresh Dutta (Machine Learning Engineer, 6.0 YOE) presents general software engineering experience with some data/analytics exposure. Equipped with relevant skills like Pinecone, Weaviate, Qdrant, Milvus, supporting the search and retrieval requirements. Candidate is note: holds a longer notice period of 120 days, willing to relocate from Kolkata.",0.7763,0.5194,0.2051,0.1367,0.5782
CAND_0079387,49,0.5761,"Rank 49: Sneha Arora (AI Engineer, 6.9 YOE) presents general software engineering experience with some data/analytics exposure. Proven competence with key technologies including Pinecone, FAISS, Elasticsearch, OpenSearch in past positions. Candidate is available immediately (30-day notice), based in Trivandrum.",0.7071,0.7326,0.2219,0.1046,0.5761
CAND_0092278,50,0.5758,"Rank 50: Capable professional with 6.8 YOE as a Senior NLP Engineer, displaying adjacent software development capabilities. Technical profile highlights practical experience in Milvus, FAISS, Elasticsearch, Vector Search for vector search and data processing. Candidate is note: holds a longer notice period of 90 days, based in Pune.",0.8227,0.4751,0.2202,0.2092,0.5758
CAND_0010770,51,0.5746,"Rank 51: Ved Mittal (Recommendation Systems Engineer, 15.2 YOE) presents general software engineering experience with some data/analytics exposure. Equipped with relevant skills like Qdrant, FAISS, Elasticsearch, sentence-transformers, supporting the search and retrieval requirements. Candidate is available immediately (30-day notice), willing to relocate from Kolkata.",0.7157,0.6806,0.2294,0.0608,0.5746
CAND_0055905,52,0.5737,"Rank 52: Capable professional with 8.1 YOE as a Senior Machine Learning Engineer, displaying adjacent software development capabilities. Technical profile highlights practical experience in FAISS, Elasticsearch, OpenSearch, Vector Search for vector search and data processing. Candidate is has a short notice period of 30 days, based in London.",0.7134,0.6868,0.2345,0.0495,0.5737
CAND_0096172,53,0.5725,"Rank 53: Capable professional with 5.2 YOE as a NLP Engineer, displaying adjacent software development capabilities. Proven competence with key technologies including Qdrant, FAISS, Elasticsearch, OpenSearch in past positions. Candidate is available on a 45-day notice, based in Chennai.",0.7280,0.6515,0.2168,0.1193,0.5725
CAND_0019845,54,0.5722,"Rank 54: Capable professional with 3.4 YOE as a AI Specialist, displaying adjacent software development capabilities. Proven competence with key technologies including Pinecone, Python in past positions. Candidate is has a short notice period of 30 days, located in Pune and open to relocate.",0.7060,0.6664,0.2207,0.0495,0.5722
CAND_0005509,55,0.5716,"Rank 55: Arnav Khanna (Data Scientist, 6.0 YOE) presents general software engineering experience with some data/analytics exposure. Proven competence with key technologies including Qdrant, Python in past positions. Candidate is available immediately (30-day notice), located in Noida and open to relocate.",0.7312,0.6845,0.2291,0.1350,0.5716
CAND_0058575,56,0.5697,"Rank 56: Suresh Dutta (AI Engineer, 5.8 YOE) presents general software engineering experience with some data/analytics exposure. Equipped with relevant skills like Pinecone, FAISS, Elasticsearch, sentence-transformers, supporting the search and retrieval requirements. Candidate is note: holds a longer notice period of 90 days, willing to relocate from Chennai.",0.7935,0.5045,0.2247,0.1665,0.5697
CAND_0020708,57,0.5672,"Rank 57: Capable professional with 4.2 YOE as a Search Engineer, displaying adjacent software development capabilities. Demonstrates production hands-on experience in Milvus, FAISS, Elasticsearch, sentence-transformers, which matches critical JD requirements. Candidate is has a short notice period of 30 days, based in Indore.",0.6958,0.7300,0.2097,0.1500,0.5672
CAND_0051004,58,0.5671,"Rank 58: Technical profile (Senior Data Scientist, 4.7 YOE) with general engineering skills, acting as a moderate fit. Demonstrates production hands-on experience in Pinecone, Qdrant, Vector Search, OpenAI Embeddings, which matches critical JD requirements. Candidate is available immediately (15-day notice), located in Delhi and open to relocate.",0.7010,0.6586,0.1939,0.1328,0.5671
CAND_0081686,59,0.5633,"Rank 59: Technical profile (Search Engineer, 6.0 YOE) with general engineering skills, acting as a moderate fit. Proven competence with key technologies including Milvus, FAISS, Elasticsearch, sentence-transformers in past positions. Candidate is available on a 60-day notice, based in Austin.",0.7095,0.6008,0.2195,0.0392,0.5633
CAND_0046064,60,0.5627,"Rank 60: Technical profile (Senior NLP Engineer, 8.9 YOE) with general engineering skills, acting as a moderate fit. Equipped with relevant skills like Pinecone, FAISS, Elasticsearch, OpenSearch, supporting the search and retrieval requirements. Candidate is has a short notice period of 30 days, based in Coimbatore.",0.6866,0.7094,0.2331,0.0495,0.5627
CAND_0006418,61,0.5625,"Rank 61: Rahul Mukherjee (Machine Learning Engineer, 5.7 YOE) presents general software engineering experience with some data/analytics exposure. Equipped with relevant skills like Weaviate, Qdrant, Elasticsearch, OpenSearch, supporting the search and retrieval requirements. Candidate is available on a 60-day notice, located in Gurgaon and open to relocate.",0.7262,0.5434,0.2171,0.0420,0.5625
CAND_0007412,62,0.5624,"Rank 62: Technical profile (Applied ML Engineer, 7.4 YOE) with general engineering skills, acting as a moderate fit. Proven competence with key technologies including Pinecone, Milvus, OpenAI Embeddings, Embeddings in past positions. Candidate is note: holds a longer notice period of 120 days, based in Noida. However, potential tenure concern due to frequent job changes.",0.7426,0.5255,0.2260,0.0540,0.5624
CAND_0077337,63,0.5623,"Rank 63: Aarav Agarwal (Staff Machine Learning Engineer, 7.0 YOE) presents general software engineering experience with some data/analytics exposure. Technical profile highlights practical experience in Pinecone, Qdrant, OpenSearch, sentence-transformers for vector search and data processing. Candidate is available on a 60-day notice, willing to relocate from Kochi.",0.7157,0.6075,0.2246,0.0600,0.5623
CAND_0066376,64,0.5616,"Rank 64: Capable professional with 5.7 YOE as a Applied ML Engineer, displaying adjacent software development capabilities. Proven competence with key technologies including FAISS, Elasticsearch, sentence-transformers, BGE in past positions. Candidate is note: holds a longer notice period of 90 days, based in Mumbai.",0.7689,0.5636,0.2109,0.2369,0.5616
CAND_0068351,65,0.5604,"Rank 65: Technical profile (Lead AI Engineer, 6.4 YOE) with general engineering skills, acting as a moderate fit. Equipped with relevant skills like Qdrant, Elasticsearch, Ranking Evaluation, LoRA/QLoRA, supporting the search and retrieval requirements. Candidate is available immediately (0-day notice), based in Delhi.",0.7463,0.5142,0.2372,0.0315,0.5604
CAND_0014440,66,0.5604,"Rank 66: Technical profile (Recommendation Systems Engineer, 6.4 YOE) with general engineering skills, acting as a moderate fit. Demonstrates production hands-on experience in Qdrant, Milvus, FAISS, Elasticsearch, which matches critical JD requirements. Candidate is available on a 60-day notice, based in Chennai.",0.6841,0.6940,0.2182,0.0810,0.5604
CAND_0076163,67,0.5602,"Rank 67: Capable professional with 6.9 YOE as a NLP Engineer, displaying adjacent software development capabilities. Equipped with relevant skills like Weaviate, Elasticsearch, OpenSearch, sentence-transformers, supporting the search and retrieval requirements. Candidate is available on a 60-day notice, based in Chandigarh.",0.7222,0.5954,0.2221,0.0887,0.5602
CAND_0087364,68,0.5597,"Rank 68: Technical profile (Recommendation Systems Engineer, 4.9 YOE) with general engineering skills, acting as a moderate fit. Demonstrates production hands-on experience in Pinecone, Qdrant, Milvus, Elasticsearch, which matches critical JD requirements. Candidate is available immediately (30-day notice), based in Gurgaon.",0.7298,0.5758,0.2149,0.1170,0.5597
CAND_0030031,69,0.5573,"Rank 69: Capable professional with 5.7 YOE as a AI Engineer, displaying adjacent software development capabilities. Demonstrates production hands-on experience in Milvus, Vector Search, sentence-transformers, Embeddings, which matches critical JD requirements. Candidate is has a short notice period of 30 days, based in Trivandrum.",0.6755,0.6284,0.2092,0.0135,0.5573
CAND_0011687,70,0.5571,"Rank 70: Capable professional with 7.8 YOE as a Senior NLP Engineer, displaying adjacent software development capabilities. Proven competence with key technologies including Pinecone, Weaviate, FAISS, OpenSearch in past positions. Candidate is available immediately (15-day notice), based in Indore.",0.6699,0.7011,0.2229,0.0429,0.5571
CAND_0007460,71,0.5570,"Rank 71: Adjacent profile (AI Engineer, 4.7 YOE) included as a lower-tier filler candidate based on general experience. Proven competence with key technologies including Weaviate, Embeddings, LoRA/QLoRA, PEFT in past positions. Candidate is note: holds a longer notice period of 120 days, based in Pune.",0.7680,0.4418,0.2124,0.1170,0.5570
CAND_0062247,72,0.5569,"Rank 72: Adjacent profile (AI Engineer, 7.3 YOE) included as a lower-tier filler candidate based on general experience. Proven competence with key technologies including Pinecone, Qdrant, FAISS, Elasticsearch in past positions. Candidate is has a short notice period of 30 days, willing to relocate from Kochi.",0.6574,0.7512,0.2262,0.0495,0.5569
CAND_0039383,73,0.5567,"Rank 73: Included at Rank 73 (Applied ML Engineer, 7.1 YOE); technical skills are adjacent and lack specialized search experience. Demonstrates production hands-on experience in FAISS, Elasticsearch, Vector Search, sentence-transformers, which matches critical JD requirements. Candidate is note: holds a longer notice period of 90 days, located in Gurgaon and open to relocate.",0.7320,0.5641,0.2215,0.1087,0.5567
CAND_0065195,74,0.5560,"Rank 74: Kiara Mukherjee (Search Engineer) has 5.1 YOE in non-ML engineering/operations, showing minimal direct alignment. Proven competence with key technologies including Pinecone, Qdrant, Elasticsearch, OpenAI Embeddings in past positions. Candidate is available on a 45-day notice, based in Kolkata.",0.6643,0.6352,0.1900,0.0450,0.5560
CAND_0036863,75,0.5546,"Rank 75: Included at Rank 75 (Senior Data Scientist, 4.3 YOE); technical skills are adjacent and lack specialized search experience. Proven competence with key technologies including Pinecone, Qdrant, FAISS, OpenSearch in past positions. Candidate is available on a 60-day notice, willing to relocate from Chennai. However, potential tenure concern due to frequent job changes.",0.7585,0.4950,0.2252,0.1215,0.5546
CAND_0019480,76,0.5542,"Rank 76: Included at Rank 76 (NLP Engineer, 2.8 YOE); technical skills are adjacent and lack specialized search experience. Demonstrates production hands-on experience in Pinecone, Milvus, OpenSearch, OpenAI Embeddings, which matches critical JD requirements. Candidate is note: holds a longer notice period of 90 days, located in Chennai and open to relocate.",0.7296,0.4980,0.2236,0.0293,0.5542
CAND_0026532,77,0.5533,"Rank 77: Adjacent profile (Recommendation Systems Engineer, 4.8 YOE) included as a lower-tier filler candidate based on general experience. Technical profile highlights practical experience in Pinecone, Milvus, FAISS, Elasticsearch for vector search and data processing. Candidate is note: holds a longer notice period of 90 days, willing to relocate from Chennai.",0.7900,0.4884,0.2224,0.2356,0.5533
CAND_0039754,78,0.5529,"Rank 78: Adjacent profile (Senior Applied Scientist, 16.2 YOE) included as a lower-tier filler candidate based on general experience. Technical profile highlights practical experience in Pinecone, Weaviate, Qdrant, FAISS for vector search and data processing. Candidate is has a short notice period of 30 days, located in Indore and open to relocate.",0.6460,0.7621,0.2270,0.0427,0.5529
CAND_0080766,79,0.5522,"Rank 79: Adjacent profile (Staff Machine Learning Engineer, 8.8 YOE) included as a lower-tier filler candidate based on general experience. Proven competence with key technologies including Milvus, Elasticsearch, OpenSearch, sentence-transformers in past positions. Candidate is available immediately (0-day notice), located in Coimbatore and open to relocate.",0.6701,0.7159,0.2276,0.0765,0.5522
CAND_0083879,80,0.5509,"Rank 80: Adjacent profile (Machine Learning Engineer, 7.1 YOE) included as a lower-tier filler candidate based on general experience. Proven competence with key technologies including Milvus, sentence-transformers, A/B Testing, XGBoost in past positions. Candidate is available immediately (30-day notice), based in Noida.",0.7099,0.6215,0.2256,0.1193,0.5509
CAND_0083307,81,0.5503,"Rank 81: Neha Patel (Search Engineer) has 7.8 YOE in non-ML engineering/operations, showing minimal direct alignment. Equipped with relevant skills like Pinecone, Weaviate, FAISS, Elasticsearch, supporting the search and retrieval requirements. Candidate is note: holds a longer notice period of 120 days, based in Vizag.",0.7054,0.6287,0.2250,0.1176,0.5503
CAND_0030953,82,0.5503,"Rank 82: Included at Rank 82 (Search Engineer, 7.8 YOE); technical skills are adjacent and lack specialized search experience. Demonstrates production hands-on experience in Pinecone, Weaviate, Qdrant, FAISS, which matches critical JD requirements. Candidate is available on a 45-day notice, based in Chennai.",0.7006,0.6271,0.2284,0.0885,0.5503
CAND_0094685,83,0.5502,"Rank 83: Included at Rank 83 (AI Research Engineer, 3.5 YOE); technical skills are adjacent and lack specialized search experience. Demonstrates production hands-on experience in Weaviate, XGBoost, Python, SQL, which matches critical JD requirements. Candidate is available on a 45-day notice, located in Pune and open to relocate.",0.7359,0.5427,0.2347,0.0954,0.5502
CAND_0061257,84,0.5501,"Rank 84: Included at Rank 84 (Staff Machine Learning Engineer, 8.0 YOE); technical skills are adjacent and lack specialized search experience. Demonstrates production hands-on experience in Ranking Evaluation, PEFT, Python, which matches critical JD requirements. Candidate is has a short notice period of 30 days, based in Noida.",0.7363,0.5440,0.2189,0.1463,0.5501
CAND_0018722,85,0.5494,"Rank 85: Pranav Trivedi (Recommendation Systems Engineer) has 6.6 YOE in non-ML engineering/operations, showing minimal direct alignment. Proven competence with key technologies including Weaviate, FAISS, Elasticsearch, sentence-transformers in past positions. Candidate is note: holds a longer notice period of 90 days, located in Toronto and open to relocate.",0.7031,0.5921,0.2330,0.0472,0.5494
CAND_0041610,86,0.5484,"Rank 86: Anil Subramanian (Recommendation Systems Engineer) has 6.7 YOE in non-ML engineering/operations, showing minimal direct alignment. Proven competence with key technologies including Pinecone, Elasticsearch, OpenSearch, OpenAI Embeddings in past positions. Candidate is available immediately (30-day notice), willing to relocate from Indore.",0.6705,0.7151,0.2246,0.1080,0.5484
CAND_0035879,87,0.5475,"Rank 87: Included at Rank 87 (AI Research Engineer, 4.5 YOE); technical skills are adjacent and lack specialized search experience. Technical profile highlights practical experience in Pinecone, Elasticsearch, LightGBM, Python for vector search and data processing. Candidate is note: holds a longer notice period of 120 days, based in Noida.",0.7385,0.4691,0.2323,0.0405,0.5475
CAND_0006567,88,0.5469,"Rank 88: Adjacent profile (Senior AI Engineer, 7.9 YOE) included as a lower-tier filler candidate based on general experience. Equipped with relevant skills like A/B Testing, Python, supporting the search and retrieval requirements. Candidate is available on a 60-day notice, located in Noida and open to relocate.",0.7402,0.4559,0.2277,0.0472,0.5469
CAND_0061175,89,0.5448,"Rank 89: Reyansh Chatterjee (AI Research Engineer) has 6.7 YOE in non-ML engineering/operations, showing minimal direct alignment. Proven competence with key technologies including Qdrant, Milvus, Vector Search, sentence-transformers in past positions. Candidate is note: holds a longer notice period of 120 days, willing to relocate from Gurgaon.",0.7688,0.4155,0.2269,0.1170,0.5448
CAND_0015528,90,0.5434,"Rank 90: Aisha Reddy (Applied ML Engineer) has 7.4 YOE in non-ML engineering/operations, showing minimal direct alignment. Technical profile highlights practical experience in Weaviate, FAISS, OpenSearch, Embeddings for vector search and data processing. Candidate is available immediately (30-day notice), based in Coimbatore.",0.6649,0.6549,0.2043,0.1057,0.5434
CAND_0053695,91,0.5433,"Rank 91: Sanjay Sharma (Recommendation Systems Engineer) has 5.8 YOE in non-ML engineering/operations, showing minimal direct alignment. Technical profile highlights practical experience in Pinecone, FAISS, Elasticsearch, sentence-transformers for vector search and data processing. Candidate is has a short notice period of 15 days, based in Bhubaneswar.",0.6766,0.6880,0.2371,0.0900,0.5433
CAND_0004402,92,0.5427,"Rank 92: Adjacent profile (AI Research Engineer, 6.0 YOE) included as a lower-tier filler candidate based on general experience. Technical profile highlights practical experience in Qdrant, OpenSearch, sentence-transformers, PEFT for vector search and data processing. Candidate is available on a 60-day notice, based in Delhi.",0.6806,0.5992,0.2246,0.0383,0.5427
CAND_0076831,93,0.5416,"Rank 93: Included at Rank 93 (Search Engineer, 4.0 YOE); technical skills are adjacent and lack specialized search experience. Demonstrates production hands-on experience in Weaviate, Milvus, A/B Testing, XGBoost, which matches critical JD requirements. Candidate is note: holds a longer notice period of 90 days, located in Delhi and open to relocate.",0.7428,0.4718,0.2105,0.1598,0.5416
CAND_0040887,94,0.5410,"Rank 94: Included at Rank 94 (Machine Learning Engineer, 4.7 YOE); technical skills are adjacent and lack specialized search experience. Equipped with relevant skills like Pinecone, Milvus, FAISS, Elasticsearch, supporting the search and retrieval requirements. Candidate is has a short notice period of 15 days, based in Toronto.",0.6613,0.6187,0.2128,0.0360,0.5410
CAND_0014909,95,0.5408,"Rank 95: Included at Rank 95 (Computer Vision Engineer, 4.8 YOE); technical skills are adjacent and lack specialized search experience. Demonstrates production hands-on experience in XGBoost, Python, SQL, which matches critical JD requirements. Candidate is note: holds a longer notice period of 120 days, based in Pune.",0.7449,0.4416,0.2376,0.0540,0.5408
CAND_0008425,96,0.5408,"Rank 96: Myra Krishnan (Senior NLP Engineer) has 7.8 YOE in non-ML engineering/operations, showing minimal direct alignment. Demonstrates production hands-on experience in Pinecone, Qdrant, sentence-transformers, BGE, which matches critical JD requirements. Candidate is note: holds a longer notice period of 90 days, based in Kolkata.",0.7023,0.5736,0.2317,0.0765,0.5408
CAND_0055673,97,0.5405,"Rank 97: Adjacent profile (Data Scientist, 3.7 YOE) included as a lower-tier filler candidate based on general experience. Equipped with relevant skills like Pinecone, Embeddings, XGBoost, Python, supporting the search and retrieval requirements. Candidate is note: holds a longer notice period of 120 days, based in Hyderabad.",0.7355,0.4755,0.2046,0.1620,0.5405
CAND_0015967,98,0.5403,"Rank 98: Adjacent profile (Senior Software Engineer (ML), 5.4 YOE) included as a lower-tier filler candidate based on general experience. Technical profile highlights practical experience in Pinecone, Embeddings, XGBoost, LoRA/QLoRA for vector search and data processing. Candidate is has a short notice period of 30 days, willing to relocate from Hyderabad.",0.6995,0.5874,0.2114,0.1474,0.5403
CAND_0033861,99,0.5402,"Rank 99: Kabir Kapoor (Senior NLP Engineer) has 8.0 YOE in non-ML engineering/operations, showing minimal direct alignment. Proven competence with key technologies including Pinecone, Weaviate, Qdrant, Milvus in past positions. Candidate is available immediately (30-day notice), based in Vizag.",0.6842,0.7192,0.2309,0.1890,0.5402
CAND_0093912,100,0.5401,"Rank 100: Adjacent profile (Senior Data Scientist, 5.3 YOE) included as a lower-tier filler candidate based on general experience. Equipped with relevant skills like Milvus, FAISS, Elasticsearch, Vector Search, supporting the search and retrieval requirements. Candidate is has a short notice period of 30 days, based in Chandigarh.",0.6457,0.7389,0.2313,0.0765,0.5401
